customer_id,first_name,last_name,email,phone_number,birth_date
1,Carrie,King,jeffery39@hotmail.com,056-693-9768,1964-01-24
2,Megan,,aallen@parker.net,797-484-8948x968,1954-08-26
3,Christopher,Fernandez,shirley50@ware-hebert.net,,1938-10-14
4,Carlos,Lopez,,(461)858-9238,1964-05-16
5,Christopher,Davis,nguyenjason@yahoo.com,+1-577-474-3395x95818,1980-12-09
6,Maria,Espinoza,uhorne@hotmail.com,970.902.1380x87292,1983-02-01
7,Katie,Stone,,,
8,Cameron,Stevens,,(536)104-0978,1962-10-22
9,Denise,Stone,george61@patel.biz,580-219-4682,1990-03-03
10,Kathryn,Harris,williamstaylor@kelly.com,420.659.9645x34765,1990-09-07
11,Michael,,jose20@silva-summers.info,983.605.6039x75893,1999-01-10
12,Richard,Ramirez,matthew63@dunn.org,737-242-4862,1939-08-16
13,Michelle,Austin,,,1944-09-13
14,Sarah,Gutierrez,kellywilson@randolph.com,+1-381-326-8379x90921,1960-07-20
15,,Good,larajacob@yahoo.com,+1-937-260-6964x2008,1938-01-05
16,Douglas,Osborne,bowmanjeffrey@hughes.org,+1-832-903-5996,1985-02-22
17,Christopher,Gomez,brittany53@gmail.com,983-313-9051x475,1996-10-31
18,Jaime,Juarez,scott02@shaw.biz,+1-126-724-5406x586,1988-03-22
19,Christian,Trujillo,amandamiller@gillespie-nixon.com,439.946.5853,1994-09-11
20,Jacob,Santana,buckleyjeff@yahoo.com,(191)393-2664x120,1973-11-26
21,Dawn,Griffin,kathryn48@hotmail.com,301.152.7847x903,1934-01-17
22,Ann,Bender,,183.685.7543x52728,1986-04-04
23,Jonathan,Robbins,trujilloashley@yahoo.com,872-122-9389,
24,Jerry,Young,zjohnson@johnson.com,+1-569-304-0234,1999-11-26
25,Emily,Pope,wesley88@hotmail.com,(008)944-2224x34255,1998-10-01
26,Roy,Larson,micheal78@hotmail.com,,1995-08-09
27,Rachel,Huffman,bjones@freeman.com,4839049739,1984-08-16
28,Jill,Palmer,charles24@yahoo.com,444-668-5228,1963-06-04
29,Joshua,Berger,joshua52@stewart.com,815-827-9334x009,1935-01-08
30,James,Blanchard,barbarafloyd@schultz.com,001-139-805-2830,1992-11-18
31,Amy,Rodriguez,michael13@gmail.com,001-175-301-0057x4410,1996-02-14
32,Maria,Wise,burgesslisa@yahoo.com,(148)981-8817x1221,
33,Julie,Wong,,001-003-017-1512x8235,1953-09-01
34,Christine,Wells,woodsmichael@gmail.com,842.067.3925x42386,1965-02-22
35,James,Peters,aguilarsandra@yahoo.com,+1-114-277-0033,1941-02-25
36,Jessica,Grant,ashley33@yahoo.com,(306)023-3247x3141,
37,Jacob,,jareddominguez@dillon-smith.com,099-583-4117x5072,1943-07-03
38,Hannah,Thomas,ericksoncrystal@hotmail.com,916.373.8467x5187,1967-05-03
39,Lauren,Mccullough,kristen18@hanson.com,153.432.5540x30872,1978-12-14
40,John,Boyd,,+1-706-317-0349x71826,1954-05-27
41,George,Irwin,sarah66@matthews.biz,(558)657-1447,1981-07-30
42,Jason,,ksellers@cannon-lambert.com,354.104.5891x6615,1951-12-17
43,Angela,Bryant,,718.078.3714x8659,1973-01-22
44,Sara,Keller,frazierjohn@walton-morrison.org,,1974-06-15
45,Charles,Sanchez,clarkdestiny@gmail.com,553.623.7665x69146,1976-01-25
46,Emily,Miller,richard17@arias-bartlett.com,(887)516-2627,1963-03-25
47,April,Blackwell,zkelley@gmail.com,+1-443-234-5369x686,1980-03-20
48,Douglas,Pham,stacy90@gmail.com,4117554129,2002-06-22
49,Kendra,Green,,+1-014-844-9852,1962-02-17
50,Justin,Rice,teresa07@gmail.com,001-150-035-7649x180,1950-04-22
51,Mary,Vincent,andrew57@yahoo.com,(320)309-4693,1969-03-16
52,,Keller,millsrobert@gmail.com,001-411-605-9786,1968-06-08
53,Gregory,Dodson,mcculloughtodd@perez-knight.com,738.106.9585x623,1975-09-05
54,Laura,Cooper,nicole59@gmail.com,586-079-7263,1973-11-15
55,Tina,James,rayrobert@gmail.com,,
56,Darlene,Roman,kevin76@gmail.com,+1-219-270-2719x64488,1995-06-30
57,Wendy,Fields,scott33@robertson.info,001-582-226-9434x2720,
58,Jorge,Bryant,marksparks@adams.info,161-283-6707,1983-01-26
59,Patricia,Zhang,gardnerjoe@quinn.com,+1-578-928-9762x773,1952-06-03
60,Willie,Dunn,nicholsdavid@yahoo.com,+1-650-211-0132x71022,1969-10-19
61,Christina,Walker,dwelch@gmail.com,775.733.6746x639,1963-07-02
62,Denise,Savage,alexanderstewart@gmail.com,(990)909-5217x9915,1968-11-26
63,,Santana,johnsonlori@russo-pollard.com,001-864-935-5058,2001-05-14
64,Nicole,Hall,qmooney@hotmail.com,,1983-05-06
65,Andrew,Johnson,jaredchandler@harris.com,026.890.0832x46018,1985-11-30
66,Laurie,Espinoza,alexis28@yahoo.com,027.123.4156x38903,1992-12-05
67,Michael,Smith,,001-738-073-4386x113,1971-06-21
68,Steven,Lee,luismcmahon@edwards.org,,1957-02-21
69,Dakota,Price,darrell88@hernandez.net,638.926.6728x03548,1977-02-24
70,David,Maxwell,peter11@blackwell.net,,1947-02-03
71,Patrick,Ferguson,kristin35@anderson.net,(124)595-5681x57093,1943-07-13
72,John,Nelson,lindsey05@woods.com,594-057-4794x2838,1962-03-15
73,Mary,Webb,jsullivan@huff-singh.com,001-990-814-4424x22693,1948-07-02
74,William,Craig,denise12@yahoo.com,(710)213-5513x5635,1944-08-09
75,Michelle,Dean,armstrongjoseph@yahoo.com,422-890-7423x116,1984-08-17
76,Ronnie,Pena,fmontoya@hotmail.com,001-250-088-9615x45014,1976-12-27
77,Albert,Smith,jonathon51@bell-lewis.info,,1975-11-27
78,Debra,Miller,nathanmartinez@hotmail.com,8747951084,1988-02-16
79,,,,282-912-9966x937,1969-09-26
80,Kathy,Walker,michael66@williams-randall.net,001-054-136-2263x812,1997-05-29
81,Jessica,Duffy,utaylor@yahoo.com,786-823-4592x85561,1976-02-16
82,Gail,Eaton,,(874)524-0686x43714,1980-10-02
83,John,Miller,kennedymatthew@spears-rodriguez.com,(845)703-8678,1937-09-19
84,Ronald,Baker,eking@gmail.com,(322)612-3874,1980-01-07
85,Alicia,Hernandez,fmoore@yahoo.com,699.062.3956x802,1983-05-03
86,Benjamin,Robbins,vtaylor@thompson.org,470.444.3739,1964-05-07
87,John,White,,(141)477-6306,1993-06-19
88,,Hess,bakermelissa@yahoo.com,001-669-195-3144x16106,1957-08-14
89,Juan,Rodriguez,,,1976-07-05
90,Luis,Pearson,castillocassandra@leonard.com,231-231-0591x098,1954-07-16
91,Ryan,Compton,millerashley@hotmail.com,(515)418-3408,1959-03-01
92,Anthony,Rodriguez,courtneysimpson@yahoo.com,073-340-7717x77267,1961-03-17
93,Robert,Frye,,(804)314-7364x364,1972-03-30
94,Crystal,Brown,sgraham@yahoo.com,001-870-324-4019x41325,1950-08-07
95,Michael,Pollard,stephensdustin@yahoo.com,520-028-6038x2062,1993-07-15
96,,Gentry,,232.963.6483,1935-12-30
97,Shannon,Franklin,wrobbins@morgan.com,,1975-12-24
98,Miranda,Nichols,larapatricia@cordova-martin.info,,2006-02-01
99,Harry,Simmons,chambersdebra@yahoo.com,719-631-9411,1940-11-11
100,Michael,Smith,michaelgeorge@garcia.com,002-938-5318x888,
